,Publish_time,Video_title,View,Like,Comment,Video_ID
0,2022-04-06,BURNLEY - EVERTON ,360543,3170,241,WkgdzuZWj-Y
1,2022-04-04,CRYSTAL PALACE - ARSENAL ,1123638,10038,1038,k3XWU03Hb3U
2,2022-04-03,TOTTENHAM - NEWCASTLE,1623256,14590,643,Gl3NROFXXXI
3,2022-04-03,WEST HAM - EVERTON,426732,2883,161,PTOVe1sQwkY
4,2022-04-02,MANCHESTER UNITED - LEICESTER CITY ,2293241,21328,1868,2bw9JQGOXf4
5,2022-04-02,BRIGHTON - NORWICH ,165588,900,32,6vlF4i2O5uU
6,2022-04-02,WOLVERHAMPTON - ASTON VILLA ,514217,3117,198,H8z-cH8UMjI
7,2022-04-02,BURNLEY - MAN CITY ,515370,6128,339,dF4WxS8foR0
8,2022-04-02,LIVERPOOL - WATFORD ,799287,6855,321,m40Y6ANFFro
9,2022-03-20,TOTTENHAM - WEST HAM ,1551906,14467,645,zIdE46dzfE4
10,2022-03-20,LEICESTER - BRENTFORD,451254,3087,155,AJhAAS7mqks
11,2022-03-19,ASTON VILLA - ARSENAL ,989907,9561,735,1Pkc3znOndw
12,2022-03-18,WOLVERHAMPTON - LEEDS ,844937,7365,529,Sso6DmmRdlU
13,2022-03-17,EVERTON - NEWCASTLE ,818755,7497,451,wyrAvz0xzd8
14,2022-03-17,MAN UTD,55192,684,183,_AnyuHWpsig
15,2022-03-16,ARSENAL - LIVERPOOL ,1795265,17621,1149,wax6wrHsXeU
16,2022-03-16,BRIGHTON - TOTTENHAM,763545,6865,270,E5yCLf6pcz0
17,2022-03-14,CRYSTAL PALACE - MAN CITY ,1395463,12630,1146,fa8-08bGM0k
18,2022-03-13,ARSENAL - LEICESTER ,1485642,12855,925,-OR1JkxfD4s
19,2022-03-13,LEEDS - NORWICH,414219,2694,153,iHMUOO4k1-0
20,2022-03-13,WEST HAM - ASTON VILLA ,409237,2847,114,HKBYGcW1p1I
21,2022-03-13,SOUTHAMPTON - WATFORD,141404,888,115,tbg3gEGxxwo
22,2022-03-13,EVERTON - WOLVES,355239,2181,119,A4MHtk9Mv9o
23,2022-03-13,CHELSEA - NEWCASTLE,1123444,11742,885,deNJ_R6JGX8
24,2022-03-12,MANCHESTER UNITED - TOTTENHAM ,4880757,73217,8372,ueD1ZMZvucg
25,2022-03-12,BRENTFORD - BURNLEY ,364606,2024,86,U4E8Tt3rXbM
26,2022-03-12,BRIGHTON - LIVERPOOL ,1070359,8126,420,3_aPHTjY3u4
27,2022-03-10,SOUTHAMPTON - NEWCASTLE,351326,2906,257,POM1s9Zciu8
28,2022-03-10,LEEDS UNITED - ASTON VILLA,511855,4503,248,OCwuHY_9HTI
29,2022-03-10,WOLVES - WATFORD ,197861,1558,87,v-LfP5CaRVU
30,2022-03-10,NORWICH CITY - CHELSEA ,1193467,12437,738,mjgjh06WfFQ
31,2022-03-07,TOTTENHAM - EVERTON ,1446950,15286,1052,xTcEFuU8uMA
32,2022-03-06,MAN CITY - MAN UNITED,2964063,34585,5445,aoTDeJNWkpI
33,2022-03-06,WATFORD - ARSENAL,1186532,10814,987,oNZBWG_Opg4
34,2022-03-05,LIVERPOOL - WEST HAM ,1417096,11673,612,ajDL-zgf85c
35,2022-03-05,ASTON VILLA - SOUTHAMPTON ,528319,3845,229,yGqSlOPhNzg
36,2022-03-05,NORWICH - BRENTFORD ,192001,1702,56,kynoFlOd7Zo
37,2022-03-05,NEWCASTLE - BRIGHTON ,351549,2144,170,noc2gNEYP-c
38,2022-03-05,WOLVERHAMPTON - CRYSTAL PALACE ,212255,1358,63,bnd0NScwqEY
39,2022-03-05,BURNLEY - CHELSEA ,901109,8540,412,1-mhd_RLxKM
40,2022-03-05,LEICESTER CITY - LEEDS UTD ,415378,3208,167,xxX1Hs9Tf0w
41,2022-03-02,BURNLEY - LEICESTER ,310530,3019,124,8zfoFkXn6aw
42,2022-02-27,WEST HAM - WOLVERHAMPTON ,444137,3304,78,8bm8I2D8Q6w
43,2022-02-26,EVERTON - MAN CITY ,1482917,14322,862,t5wNNteSO9Q
44,2022-02-26,BRIGHTON - ASTON VILLA ,352727,2451,46,Z80t7_H_wJ0
45,2022-02-26,BRENTFORD - NEWCASTLE ,304329,2020,118,0U7pQsGtwQ4
46,2022-02-26,CRYSTAL PALACE - BURNLEY,133597,786,22,ks2X-xg5TQQ
47,2022-02-26,MANCHESTER UNITED - WATFORD ,1569177,13828,1911,oDtVD9baKL4
48,2022-02-26,LEEDS UTD - TOTTENHAM ,1063478,9076,582,E-BG4blyhrY
49,2022-02-25,SOUTHAMPTON - NORWICH ,540073,3936,178,zSt5mP-Eh-c
50,2022-02-24,ARSENAL - WOLVERHAMPTON ,1143047,12310,1192,R2dKJfVJza8
51,2022-02-23,BURNLEY - TOTTENHAM ,972070,8428,580,uRNvmDXCdeM
52,2022-02-23,LIVERPOOL - LEEDS ,1369994,13114,832,UshHDeF_-08
53,2022-02-23,WATFORD - CRYSTAL PALACE,211180,1563,74,PTKl9Pw6Nec
54,2022-02-20,WOLVERHAMPTON - LEICESTER ,708129,4978,167,CQMLUsomgOE
55,2022-02-20,LEEDS - MAN UTD ,2952350,34053,1905,NGBp5WwlY9A
56,2022-02-20,BRIGHTON - BURNLEY ,182356,1362,109,0f9pshMh2I4
57,2022-02-20,ASTON VILLA - WATFORD,431917,2995,92,QSFQ__ym6Q4
58,2022-02-19,MAN CITY - TOTTENHAM,3484727,40557,3511,ZuH6C5cWwEU
59,2022-02-19,CRYSTAL PALACE - CHELSEA ,701917,6325,245,aAUC13sw9Yo
60,2022-02-19,ARSENAL - BRENTFORD ,1020984,8058,608,msvHLMUstzQ
61,2022-02-19,SOUTHAMPTON - EVERTON,379594,2379,117,OQ8nxGRaH9Q
62,2022-02-19,LIVERPOOL - NORWICH ,1199220,9417,590,1oFZgdfhpK4
63,2022-02-19,WEST HAM - NEWCASTLE ,437679,3223,166,zOPSArj45lI
64,2022-02-15,MANCHESTER UNITED - BRIGHTON ,3219129,40403,2744,y4gjI1hSHBg
65,2022-02-13,LEICESTER - WEST HAM ,939596,6971,243,QwgTLxqrkn4
66,2022-02-13,NEWCASTLE - ASTON VILLA,487935,4020,169,uyY6Aa6eFxg
67,2022-02-13,TOTTENHAM - WOLVERHAMPTON ,799825,6272,447,6LRUz_ZCadE
68,2022-02-13,BURNLEY - LIVERPOOL,691249,5784,266,GSaSA7b3lxo
69,2022-02-12,NORWICH - MAN CITY ,1039033,9954,506,zj0d2KJXBgk
70,2022-02-12,EVERTON - LEEDS ,640291,5305,260,qqSx6gArgSE
71,2022-02-12,WATFORD - BRIGHTON ,170523,1106,51,04cKF_4ONHY
72,2022-02-12,MANCHESTER UNITED - SOUTHAMPTON ,1836033,16938,2209,D85mZxYaNnk
73,2022-02-12,BRENTFORD - CRYSTAL PALACE ,165150,1069,31,euja8hdLCoI
74,2022-02-10,WOLVERHAMPTON - ARSENAL ,974493,8122,483,PbFCTfvObvM
75,2022-02-10,LIVERPOOL - LEICESTER CITY ,1594929,14511,650,uaJ2B338d4w
76,2022-02-09,ASTON VILLA - LEEDS ,728689,6546,591,N0YLHKFdSa0
77,2022-02-09,TOTTENHAM - SOUTHAMPTON ,1315710,10805,731,TiwtdIh0nys
78,2022-02-09,NORWICH - CRYSTAL PALACE,171372,1220,69,ns7onQ8-XEk
79,2022-02-09,MAN CITY - BRENTFORD,1184620,11336,469,sSXfOse_eOI
80,2022-02-08,BURNLEY - MANCHESTER UNITED ,1994940,19865,1747,Sjlr6miQJtI
81,2022-02-08,WEST HAM - WATFORD ,357851,2462,80,iFViAbBif9k
82,2022-02-08,NEWCASTLE - EVERTON,689067,5500,581,5TwEVkLYP50
83,2022-02-05,BURNLEY - WATFORD ,298675,2518,80,lYxfk1mJ0SA
84,2022-01-23,CHELSEA - TOTTENHAM,2048183,20747,951,o1nHwW7yIPk
85,2022-01-22,SOUTHAMPTON - MANCHESTER CITY,1390716,11039,726,jYNiheWwOvs
86,2022-01-22,BRENTFORD - WOLVES,378760,2779,115,J-_84T10PTo
87,2022-01-22,LEEDS UNITED - NEWCASTLE ,434171,2626,135,NF7rjZ9dKr0
88,2022-01-22,MANCHESTER UNITED - WEST HAM ,2680470,29820,2674,UQ2oGkcgmuw
89,2022-01-22,EVERTON - ASTON VILLA ,532931,4278,191,J1ROreE5JXg
90,2022-01-21,WATFORD - NORWICH,564920,4386,254,kebH_mXW-Ss
91,2022-01-19,LEICESTER - TOTTENHAM,1726192,18316,1298,HGXYPhSvjCA
92,2022-01-18,BRIGHTON - CHELSEA ,1272300,10823,1019,C2dYBb-dL6g
93,2022-01-16,WEST HAM - LEEDS ,773923,6039,328,cuMsb8J2NAY
94,2022-01-16,LIVERPOOL - BRENTFORD,1275269,12012,474,hl4QsSdI3ZI
95,2022-01-15,ASTON VILLA - MANCHESTER UNITED ,2419105,26488,2992,E2LnOkmDJnY
96,2022-01-15,NEWCASTLE - WATFORD ,429054,2696,128,Tn7KtL-1Ero
97,2022-01-15,NORWICH - EVERTON ,352747,2491,96,bjsxQbR118s
98,2022-01-15,MANCHESTER CITY - CHELSEA ,1863264,20691,1595,Mqu8Qwa1go4
99,2022-01-14,BRIGHTON - CRYSTAL PALACE,386750,2937,80,2RZtmrSN8A0
100,2022-01-12,WEST HAM - NORWICH,461495,3796,153,jUHCG-a5ebw
101,2022-01-11,SOUTHAMPTON - BRENTFORD ,431273,3852,101,D1aNqsZUqS4
102,2022-01-03,MANCHESTER UNITED - WOLVES ,2836466,28284,3357,g57f2LGRPaA
103,2022-01-02,CHELSEA - LIVERPOOL,3194741,33048,2143,Sikw3GVqlFY
104,2022-01-02,EVERTON - BRIGHTON ,745080,4477,187,3OthNOkU6k0
105,2022-01-02,LEEDS - BURNLEY ,576236,3751,240,2yc7MGblYv4
106,2022-01-02,BRENTFORD - ASTON VILLA,306547,2092,34,oQrFEEaIXk4
107,2022-01-01,CRYSTAL PALACE - WEST HAM ,737771,4696,171,96SoJMpvQtk
108,2022-01-01,WATFORD - TOTTENHAM ,1051286,8181,315,Y4mFegjES88
109,2022-01-01,ARSENAL - MANCHESTER CITY ,2123836,20901,1807,TcME9hqY9n0
110,2021-12-30,MAN UTD - BURNLEY,2961468,37659,2231,VZaqYY6HuxY
111,2021-12-29,BRENTFORD - MAN CITY,1136133,11639,555,SC_aMPCfjQ4
112,2021-12-29,CHELSEA - BRIGHTON,1330227,11850,955,rJMxfb8n8oc
113,2021-12-28,LEICESTER CITY - LIVERPOOL ,1611131,15725,1197,YPcty05kEsI
114,2021-12-28,SOUTHAMPTON - TOTTENHAM ,1228705,7532,343,x_-iIaWRvkY
115,2021-12-28,WATFORD - WEST HAM ,440714,2811,112,viBxXjImy3M
116,2021-12-28,CRYSTAL PALACE - NORWICH ,216194,1458,70,WhIkBrVJtjY
117,2021-12-27,NEWCASTLE - MANCHESTER UNITED ,2444203,26828,3367,6hG0-Nw_n-Y
118,2021-12-26,BRIGHTON - BRENTFORD,196370,1428,31,ntSKkEtvn1g
119,2021-12-26,TOTTENHAM - CRYSTAL PALACE ,885728,7399,339,tRRFqbsNgVs
120,2021-12-26,NORWICH - ARSENAL ,938853,8282,452,J66AhrWUfCI
121,2021-12-26,WEST HAM - SOUTHAMPTON ,479662,3113,194,abj8r8h9r7o
122,2021-12-26,MANCHESTER CITY - LEICESTER CITY ,1846148,19258,915,o3fLPMLSUUg
123,2021-12-19,TOTTENHAM - LIVERPOOL,3735837,31214,2529,lESYBGFmHaI
124,2021-12-19,NEWCASTLE - MAN CITY ,1322317,12288,770,jrpM5BqbgPw
125,2021-12-19,WOLVERHAMPTON - CHELSEA ,817762,6952,601,uPLd462LHn0
126,2021-12-18,LEEDS - ARSENAL ,1350412,12382,909,8xo6GSsgfSs
127,2021-12-16,LIVERPOOL - NEWCASTLE ,1521657,14214,848,v4JXyqhRRa8
128,2021-12-16,CHELSEA - EVERTON,1380977,11755,1225,AHRsII2UxLk
129,2021-12-16,CRYSTAL PALACE - SOUTHAMPTON ,391816,2318,108,dGQriltIIoU
130,2021-12-15,ARSENAL - WEST HAM ,1956059,15241,1067,OMuxUeYeRwA
131,2021-12-15,BRIGHTON - WOLVERHAMPTON ,324441,2226,112,i-toXsMuqOs
132,2021-12-14,MANCHESTER CITY - LEEDS UNITED ,1749518,18154,1368,zMrdEaByBUk
133,2021-12-14,NORWICH CITY - ASTON VILLA ,517538,3269,126,7A9Z3c8DOQY
134,2021-12-12,CRYSTAL PALACE - EVERTON ,544159,3558,290,USwZO1dpVgs
135,2021-12-12,BURNLEY - WEST HAM,334409,2252,154,B5cNsQR6NYE
136,2021-12-12,LEICESTER - NEWCASTLE ,545563,3930,235,WzN7S01dz3E
137,2021-12-11,NORWICH - MAN UNITED,2776618,32111,2594,6_jfYTrSPn0
138,2021-12-11,ARSENAL - SOUTHAMPTON ,1018297,7820,377,P10ulWUAH6Y
139,2021-12-11,CHELSEA - LEEDS UNITED,1188986,10097,894,hWew5-ogqag
140,2021-12-11,LIVERPOOL - ASTON VILLA ,1197541,8724,456,9HA34hZ9Dv0
141,2021-12-11,MANCHESTER CITY - WOLVERHAMPTON ,841687,7155,781,sglJb1WRU6I
142,2021-12-10,BRENTFORD - WATFORD,475137,3858,171,rMDk9_KMt1k
143,2021-12-05,LEEDS UNITED - BRENTFORD,313492,2220,114,4rrjj-ezmUo
144,2021-12-05,TOTTENHAM - NORWICH ,1229944,9449,406,iDo8hIEfCw8
145,2021-12-05,MAN UNITED - CRYSTAL PALACE,2567813,33294,2241,PATDIsIhMXU
146,2021-12-04,WATFORD - MAN CITY ,1284332,12590,750,W4zXnqyI9EY
147,2021-12-04,SOUTHAMPTON - BRIGHTON ,168780,1024,62,9fGwylSv4FM
148,2021-12-04,NEWCASTLE - BURNLEY ,290452,1676,69,V5NwabC5NAo
149,2021-12-04,WOLVERHAMPTON - LIVERPOOL ,1100665,9114,764,hEzAnfwkJWE
150,2021-12-04,WEST HAM - CHELSEA ,1560293,16036,1897,I5Al6ZxLwLM
151,2021-12-02,MANCHESTER UNITED - ARSENAL ,5864150,58997,4355,oNLJBHq92Z0
152,2021-12-02,TOTTENHAM - BRENTFORD,1237889,9416,327,j45sthVYjas
153,2021-12-01,WATFORD - CHELSEA ,1556653,14646,641,ALnomwhaMnc
154,2021-12-01,EVERTON - LIVERPOOL ,1616770,14042,1294,CV2jPBDTZ9Q
155,2021-12-01,ASTON VILLA - MAN CITY,1160589,10065,508,YhNwHtAjZdM
156,2021-12-01,SOUTHAMPTON - LEICESTER ,375287,2376,130,aVtdt8xh8jk
157,2021-12-01,WEST HAM - BRIGHTON ,391454,2605,103,fV7VIU3lUqg
158,2021-12-01,WOLVES - BURNLEY,206152,1482,101,-FfihfsTkds
159,2021-11-30,LEEDS - CRYSTAL PALACE ,449437,3091,171,rZFVmloTPSg
160,2021-11-30,NEWCASTLE - NORWICH ,556413,4080,147,sYK1Ih_IP2E
161,2021-11-28,CHELSEA - MAN UNITED,3476575,35576,4325,I9FAPIZRu90
162,2021-11-28,LEICESTER - WATFORD ,596592,4180,272,5-J6t0Il2zg
163,2021-11-28,MAN CITY - WEST HAM,1288937,11282,412,8ub8Mt0YSyw
164,2021-11-28,BRENTFORD - EVERTON ,304683,1874,49,_9JOhfc5OsI
165,2021-11-27,BRIGHTON - LEEDS ,286855,1558,93,icAiEXkN0TA
166,2021-11-27,VAR CỨU DOUGLAS LUIZ KHỎI THẺ ĐỎ NGAY KHI VỪA ĐƯỢC TUNG VÀO SÂN ,21363,145,13,6gZU8nUIs9A
167,2021-11-27,NORWICH CITY - WOLVERHAMPTON ,209886,1374,40,z3aYhfo4Bps
168,2021-11-27,CRYSTAL PALACE - ASTON VILLA ,487841,3205,181,anDsBb2r4jA
169,2021-11-27,LIVERPOOL - SOUTHAMPTON ,1621912,13506,555,oBQMwIsEDGY
170,2021-11-27,ARSENAL - NEWCASTLE ,1188486,11102,715,yC9jVrGVki8
171,2021-11-21,TOTTENHAM - LEEDS UNITED,1332594,12424,527,PT0nvKXjmgw
172,2021-11-21,MAN CITY - EVERTON,1290950,11969,787,z4fGC23Ovww
173,2021-11-21,BURNLEY - CRYSTAL PALACE,274536,1827,104,fonyNNFO1J4
174,2021-11-20,LIVERPOOL - ARSENAL ,2126606,19816,1962,xKXX7TpttWY
175,2021-11-21,"RAUL JIMENEZ BỎ LỠ CƠ HỘI ĐỐI MẶT, SAU ĐÓ SỬA SAI BẰNG MỘT CÚ SÚT XA HIỂM HÓC ",13287,89,5,F6KbWsAD5X4
176,2021-11-20,WOLVERHAMPTON - WEST HAM ,412073,3314,146,7nqCbkY6m7I
177,2021-11-20,ASTON VILLA - BRIGHTON ,370181,2883,181,ODZYX18hJ9c
178,2021-11-20,NORWICH - SOUTHAMPTON ,192851,1408,54,NaMyZAZbN8A
179,2021-11-20,NEWCASTLE - BRENTFORD ,413780,2741,237,YBQtwb9mYFA
180,Private video,Private video,Private video,Private video,Private video,jkkA70C4Lw4
181,2021-11-20,WATFORD - MANCHESTER UNITED ,2440065,23129,5491,aIDLnByc8NQ
182,2021-11-20,LEICESTER CITY - CHELSEA ,1323801,12451,1053,R7YaZwElDnc
183,2021-11-07,WEST HAM - LIVERPOOL,2048086,21165,2621,1oNkdXWAUM8
184,2021-11-07,LEEDS UNITED - LEICESTER ,661520,4429,346,HjWVQtAzuvo
185,2021-11-07,ARSENAL - WATFORD ,1043332,8416,1253,8nnrlD4Vgug
186,2021-11-07,EVERTON - TOTTENHAM,1364222,10718,447,-ERg9eebIC0
187,2021-11-06,BRIGHTON - NEWCASTLE ,437919,2584,130,0nv10UikLPc
188,2021-11-06,CRYSTAL PALACE - WOLVERHAMPTON ,355920,2281,144,ou3q6hLMqRU
189,2021-11-06,BRENTFORD - NORWICH ,239567,1709,276,0WZPAyRUeCM
190,2021-11-06,CHELSEA - BURNLEY ,1378288,10386,984,hWsmhlg0-o4
191,2021-11-06,MANCHESTER UNITED - MANCHESTER CITY ,3314387,29698,5684,nQetLdj0vWA
192,2021-11-05,SOUTHAMPTON - ASTON VILLA ,556032,4257,243,iL-rLldPp0o
193,2021-11-01,WOLVES - EVERTON ,793195,7126,297,NDH6B4IoqcA
194,2021-10-31,ASTON VILLA - WEST HAM ,716294,5342,307,BmncHLXHHxo
195,2021-10-31,NORWICH - LEEDS UTD ,411425,3163,250,w4citeTJUGE
196,2021-10-30,TOTTENHAM - MAN UNITED,6151499,66187,6372,4YTyVOH0zmo
197,2021-10-30,BURNLEY - BRENTFORD ,200808,1332,120,7b-322wY2HQ
198,2021-10-30,WATFORD - SOUTHAMPTON ,269008,1476,77,wwUyFVJpKjo
199,2021-10-30,MAN CITY - CRYSTAL PALACE ,1450350,11788,1050,RRxeJPcxYR8
200,2021-10-30,NEWCASTLE - CHELSEA ,1318949,11861,1044,1smYdWSzDjs
201,2021-10-30,LIVERPOOL - BRIGHTON ,1675458,12709,792,uGp3OzsievA
202,2021-10-30,LEICESTER CITY - ARSENAL ,1274365,11569,1187,y0BI54C9WDw
203,2021-10-24,MAN UNITED - LIVERPOOL,3648586,38528,7977,774D0Ogbx9Y
204,2021-10-24,BRENTFORD - LEICESTER ,531434,3759,318,hgkDnSmpNKU
205,2021-10-24,WEST HAM - TOTTENHAM,936672,6875,302,On_K8fg9W34
206,2021-10-23,BRIGHTON - MANCHESTER CITY ,1370435,11815,833,YtSCrCeORQk
207,2021-10-23,CRYSTAL PALACE - NEWCASTLE ,379703,2380,129,wJVy2gBm_ss
208,2021-10-23,LEEDS - WOLVES ,497695,3960,213,q4z1viZfuG8
209,2021-10-23,EVERTON - WATFORD ,971087,7905,446,YzkJJrEz8V4
210,2021-10-23,SOUTHAMPTON - BURNLEY ,254509,1698,124,Ujcu24wlwfo
211,2021-10-23,CHELSEA - NORWICH CITY ,1674886,17860,1552,LKwXF6cukIQ
212,2021-10-22,ARSENAL - ASTON VILLA ,1579303,15955,1304,mi4zOQS4NfU
213,2021-10-18,ARSENAL - CRYSTAL PALACE,1075542,10594,1047,N4u_K7XlS8g
214,2021-10-17,NEWCASTLE - TOTTENHAM,1361857,12885,577,fMd2LU5dHow
215,2021-10-17,EVERTON - WEST HAM,379305,2845,119,SSZr4v9_974
216,2021-10-16,BRENTFORD - CHELSEA ,1480093,13554,1926,cldULNca6fk
217,2021-10-16,ASTON VILLA - WOLVERHAMPTON ,616705,4575,424,bnTf7zB_VBk
218,2021-10-16,NORWICH - BRIGHTON ,161028,916,42,bN1ZqbAptwo
219,2021-10-16,MAN CITY - BURNLEY ,950423,8567,394,Rcjkrpb_GvE
220,2021-10-16,SOUTHAMPTON - LEEDS ,227281,1667,66,ckYpwuVpKgQ
221,2021-10-16,LEICESTER CITY - MANCHESTER UNITED ,3057004,23597,5707,ahwqDTfZFEA
222,2021-10-16,WATFORD - LIVERPOOL ,1380518,12866,1458,mr5v0czI1sU
223,2021-10-03,LIVERPOOL - MAN CITY,4373063,39294,3602,lAB8HK5S5zw
224,2021-10-03,WEST HAM - BRENTFORD ,428613,3131,290,PXUomOqyeRI
225,2021-10-03,TOTTENHAM - ASTON VILLA,1449318,11367,712,0ximzw-ATFw
226,2021-10-03,CRYSTAL PALACE - LEICESTER CITY ,540837,3844,256,yFW2KaZmo5A
227,2021-10-02,BRIGHTON - ARSENAL ,1031015,6987,498,mx1Jf1k0_lA
228,2021-10-02,BURNLEY - NORWICH ,142277,928,62,Voo213XGYCI
229,2021-10-02,WOLVERHAMPTON - NEWCASTLE ,552388,4464,452,8r3jwtkvMlA
230,2021-10-02,LEEDS UTD - WATFORD ,440232,2681,125,nrHf9DyTTQY
231,2021-10-02,CHELSEA - SOUTHAMPTON ,1464994,13705,1186,ORaQ9vLrgok
232,2021-10-02,MANCHESTER UNITED - EVERTON ,2176145,19592,3631,E4zMBtlNn7w
233,2021-09-27,CRYSTAL PALACE -  BRIGHTON,620058,5678,558,82osWXM4Ym4
234,2021-09-26,ARSENAL - TOTTENHAM,2670382,26448,2407,r_XgAy6oJuE
235,2021-09-26,SOUTHAMPTON - WOLVES,412086,3189,144,7vGlM-WjNNA
236,2021-09-25,BRENTFORD - LIVERPOOL ,1616993,14263,1599,kIkaPHez-aI
237,2021-09-25,WATFORD - NEWCASTLE ,191593,1321,118,1AyNCu5CCnU
238,2021-09-25,EVERTON - NORWICH ,362592,2508,148,07bm9SCMu20
239,2021-09-25,LEEDS - WESTHAM ,1117062,5074,370,zRB9K8PWOb8
240,2021-09-25,LEICESTER CITY - BURNLEY ,523392,4043,390,7E2uAtrAwWU
241,2021-09-25,CHELSEA - MAN CITY,2130471,19767,2805,MEHB4tkWf9M
242,2021-09-25,MANCHESTER UNITED - ASTON VILLA ,2206294,19584,7086,zEGl8XFriII
243,2021-09-19,TOTTENHAM - CHELSEA,2627179,24457,3174,seTl5bI7A_I
244,2021-09-19,WEST HAM - MANCHESTER UNITED ,3756120,40427,4291,frX0hwAVTk0
245,2021-09-19,BRIGHTON - LEICESTER ,624072,4303,483,47BFmq2jP_s
246,2021-09-18,ASTON VILLA - EVERTON ,901681,6147,333,QMSjkeACwNQ
247,2021-09-18,NORWICH CITY - WATFORD ,186743,1228,87,izAuw7qz0DU
248,2021-09-18,BURNLEY - ARSENAL ,775665,6722,913,JvldtvraiG0
249,2021-09-18,MAN CITY - SOUTHAMPTON ,1037768,7219,783,UTmsuVyoAvc
250,2021-09-18,LIVERPOOL - CRYSTAL PALACE ,1263219,10991,1106,oLpjC3QT-Z0
251,2021-09-17,NEWCASTLE - LEEDS UNITED ,806318,7374,781,FMNp2AeWjwc
252,2021-09-14,MOHAMED SALAH VÀ NGÔI ĐỀN 100 ,67287,1057,181,EPxNX44mH_Y
253,2021-09-13,RONALDO TÁI XUẤT HOÀN HẢO - LUKAKU THI ĐẤU BÙNG NỔ - SALAH LẬP KỲ TÍCH ,97603,909,94,1qbPBDhOFuc
254,2021-09-12,LEEDS UNITED - LIVERPOOL ,1555651,13657,1595,MzM9OmF1P2M
255,2021-09-12,RONALDO TÁI XUẤT - LUKAKU LẬP CÔNG ,95212,674,54,FdRuCon_RLA
256,2021-09-11,CHELSEA - ASTON VILLA,1596936,15874,2128,eiS3zFqhl58
257,2021-09-11,WATFORD - WOLVERHAMPTON ,433496,3623,288,Gfe8i9GDfnk
258,2021-09-11,BRENTFORD - BRIGHTON ,158364,1076,63,SE630lGZCEI
259,2021-09-11,SOUTHAMPTON - WEST HAM ,340326,2113,149,WFFMnFBHVyY
260,2021-09-11,ARSENAL - NORWICH ,770834,6294,805,RH_kjdrU8Y4
261,2021-09-11,MANCHESTER UNITED - NEWCASTLE ,5553914,71755,8399,L_UgDh0IlGU
262,2021-09-11,LEICESTER - MAN CITY,1247574,10226,837,yNdekMFD0GQ
263,2021-09-11,CRYSTAL PALACE - TOTTENHAM ,891951,7894,1217,PJbfrvDVbT8
264,2021-09-11,NHẬN ĐỊNH VÒNG 4 ,88024,825,119,R7Tc9PBYeVA
265,2021-09-10,MAN UTD - NEWCASTLE ,652401,6027,556,itL8DgYg0hI
266,2021-09-10,ARSENAL - NORWICH ,121886,1434,463,0o1zWq31F-s
267,2021-09-09,JESSE LINGARD KHÔNG GIA HẠN HỢP ĐỒNG VÀ SỰ THẬT PHŨ PHÀNG VỀ MANCHESTER UNITED ,213553,2457,562,C-vdJ57pv4s
268,2021-09-05,SIR ALEX FERGUSON - RONALDO ,329632,4931,522,hdI1W71YDlU
269,2021-09-04,ARSENAL TRONG NỖI NHỚ ARSENE WENGER  - QUÁ KHỨ KHÔNG THỂ TRỞ VỀ ,407835,7260,1910,5TTPHa4YRrM
270,2021-09-03,NHỮNG DANH THỦ QUAY LẠI ĐỘI BÓNG CŨ - ĐI THẬT XA ĐỂ TRỞ VỀ ,60032,510,53,C0YOcV3i4Ls
271,2021-09-02,MAN UTD - MÙA HÈ CHUYỂN NHƯỢNG THÀNH CÔNG VÀ ĐỘI HÌNH TỐI ƯU VỚI RONALDO TRONG MÙA GIẢI MỚI,177989,2213,432,qeZswam0dME
272,2021-09-01,MÙA HÈ CHUYỂN NHƯỢNG ''CHẤN ĐỘNG'' BÓNG ĐÁ THẾ GIỚI ,132569,1196,178,uUjtye488wI
273,2021-08-29,WOLVERHAMPTON - MANCHESTER UNITED ,2133282,21558,3940,d1rt3EE2oZw
274,2021-08-29,BURNLEY - LEEDS UTD ,291595,2201,138,EuMw8lArFPc
275,2021-08-29,TOTTENHAM - WATFORD,883605,8482,675,IDA5lAEVWEM
276,2021-08-28,LIVERPOOL - CHELSEA ,3221017,22700,3936,-8495JVODsE
277,2021-08-28,NEWCASTLE - SOUTHAMPTON ,465293,3126,181,fYsYuPBTHo0
278,2021-08-28,ASTON VILLA - BRENTFORD,306963,2459,192,jE9TK2PGHb0
279,2021-08-28,BRIGHTON - EVERTON ,469284,3468,174,JINDD6LbXEU
280,2021-08-28,NORWICH - LEICESTER,375905,2867,271,vIPWJjuKQVw
281,2021-08-28,WEST HAM - CRYSTAL PALACE ,327155,2508,239,OqDavFNccGo
282,2021-08-28,MANCHESTER CITY - ARSENAL ,1649978,16972,2970,gGKo8RBwqtw
283,2021-08-23,WEST HAM - LEICESTER ,958864,8850,1073,lEyoH_PFAnA
284,2021-08-22,ARSENAL - CHELSEA,1829767,19497,2386,oFFu4wKIEQ4
285,2021-08-22,WOLVES - TOTTENHAM,1228505,9803,605,AFh_KgAb3qY
286,2021-08-22,SOUTHAMPTON - MANCHESTER UNITED ,1381885,10359,2274,11m3z44QaH0
287,2021-08-21,BRIGHTON - WATFORD ,248970,1919,122,bEBmunxnI8Y
288,2021-08-21,LEEDS UTD - EVERTON ,1319535,7842,524,iIl1TBhEKiM
289,2021-08-21,CRYSTAL PALACE - BRENTFORD ,254236,1921,74,KDrELo_zeyg
290,2021-08-21,ASTON VILLA - NEWCASTLE,405269,3202,214,gIyKtY8u9ZI
291,2021-08-21,MANCHESTER CITY - NORWICH CITY ,1312324,12218,1166,Y1G-MDyZ_4I
292,2021-08-21,LIVERPOOL - BURNLEY ,1219930,9857,717,0WkHwjX5IDo
293,2021-08-15,TOTTENHAM - MAN CITY ,1987536,19978,2606,VxN938t1jZo
294,2021-08-15,NEWCASTLE - WEST HAM ,591436,4863,333,OGoWy0y8Qww
295,2021-08-14,NORWICH CITY - LIVERPOOL ,1249681,11140,646,aG9MuDa3Kzc
296,2021-08-14,BURNLEY - BRIGHTON ,364444,2289,145,T6UDOqEGCLY
297,2021-08-14,EVERTON - SOUTHAMPTON ,1181793,6094,389,8P41oW00OAA
298,2021-08-14,WATFORD - ASTON VILLA ,474703,3449,335,Rz4B7kkctk8
299,2021-08-14,LEICESTER - WOLVES ,584486,5152,379,E9z6tYn0eMk
300,2021-08-14,CHELSEA - CRYSTAL PALACE ,1000737,9970,790,YwPa2lRbXYQ
301,2021-08-14,MANCHESTER UNITED - LEEDS UNITED ,3130773,31910,3751,zBCWDI8mfbQ
302,2021-08-13,BRENTFORD - ARSENAL ,1136290,13352,2658,1MWCKMpLXPM
